submission_id,label
5vqp2f,0
kvgi85,0
ak26t3,0
ess9v8,0
95p3ve,0
qz3p59,-1
80xluv,-1
kv8iq0,0
fv4pmk,-1
lmkj4u,0
95khyb,-1
6z8p33,0
hs0464,0
kys2ed,1
dbz65g,0
iuwcgp,-1
s6xh8b,0
mwm73f,0
nncf68,0
spvmle,0
bwtbav,0
aggwi1,0
aeoo3j,-1
7vognj,0
kzhe0t,1
q3zmnd,0
8hwm3y,-1
9l20wy,-1
buimqd,1
f1upc4,1
7x8taz,0
7czknr,-1
815655,-1
jar6hl,0
lbzhua,-1
njfn14,0
l00pr3,1
7wa1n4,0
lycbd7,1
hwi73j,-1
qru1fs,-1
pkffhz,0
m9jmb4,-1
fhz31n,0
7jdiqf,-1
ah0l46,1
ow2hsv,0
j9qjcr,0
6mldbk,0
8xzx2c,1
7x12r0,0
l526me,0
f8fj8w,0
8dba2x,0
o7nbku,0
k0k5zu,-1
pjuorm,-1
g519rs,0
dymwww,-1
fsrs25,0
fi8znb,-1
qehj9s,0
mdwxd6,1
a4enl9,-1
m3gl3y,-1
m8pbw7,0
keo8m4,-1
clj037,-1
ilrxhr,0
sj1cxg,0
97b7ai,1
ok520l,0
o85xl2,-1
hqzg7x,-1
grhw0i,0
6xr2ik,0
8oq62o,1
mgmqza,0
aw6k28,-1
rhwf2i,0
p0e9tj,0
df0a98,-1
afmp7f,-1
cn771o,0
l1yfps,0
urwr8o,1
7q11t9,-1
ptaanl,-1
73oxkd,-1
fdzvg4,0
7sn5k6,0
og5lza,0
8cvrdo,1
83c5ms,-1
paunfb,1
uyfq6n,-1
923ww4,1
lcjraq,-1
fuxwl0,0
m91ape,0
mu4pyd,0
i30vw3,-1
ic8e5n,0
kw3x0v,-1
8b0l4n,0
g65y23,0
7x4w3d,0
5ih9ua,0
mqjqm5,1
7hs0t0,0
p8bnd4,0
nwpjq4,0
6xzxzz,-1
sswa5n,0
mcgebf,-1
8k9b7u,-1
ues5vz,-1
7dblzz,0
7jx5td,-1
q1mnkw,0
72jb0j,0
dlvcl1,-1
7l2fiv,1
mja02e,1
fm1ulf,1
96xl8e,-1
op8qf2,1
5sdr6j,1
frp7qu,0
pw9bh5,0
jerdxj,-1
im1cmy,-1
pgnyqs,-1
nz0ciu,1
hebxk3,0
7fxz37,1
psn6pk,1
erwlza,-1
ha0ug6,-1
plw43t,-1
i9tkgd,0
ddls2b,0
lg2wbl,0
niflwx,-1
l3kc18,-1
p4irgn,-1
spbmo8,1
7dlxxc,0
p5pn23,1
9s94o0,-1
c8jflz,0
6shoh1,1
5t46ur,0
7z7ud1,-1
eq39vc,-1
6rjyzj,0
i4ro5s,0
ms558q,-1
6ygt06,0
7xm3fq,0
s0zh06,-1
iz93l7,1
94jdww,0
enl7xo,1
ehpqh7,0
8sqnit,-1
j664jn,-1
e06qp0,-1
7lwsw3,-1
d3o9x6,-1
pjqz0e,1
ksd3v8,-1
ubv5dt,0
ki5cty,1
sth4i9,0
lp2cnk,0
j2mnbk,0
gb7xia,1
otspcn,-1
m1fhsg,0
irdqil,1
k2ulec,-1
75wajx,0
6kej8v,0
6szijs,-1
64xnno,-1
h7938i,0
7aqklg,0
nmbbgp,0
dxxng1,0
fujzmm,-1
8me5pn,-1
m2s7u9,0
sfnffa,0
6h3m5i,0
o4ax3c,-1
89d68g,0
tx9i88,0
j4ggya,-1
j1ilo3,0
fr56e6,0
dwhcfz,1
q6tbmo,-1
jtu2th,0
tlkufr,0
9irn5c,-1
mwa6zs,1
j9499a,0
5i3z62,-1
jok2j1,0
gwzokw,0
nenum0,0
otzd0s,-1
anhui9,-1
ky1pt3,0
8ksvlt,-1
mma9m6,-1
nmxncj,-1
v369q9,1
l7oix2,0
kixkfl,-1
apu3un,0
69gpah,0
aspkph,1
90z33c,0
7pg3d4,0
rqru9h,-1
9rz0rm,0
gfqptz,0
7qpq3u,-1
fplbnh,0
pwhhu4,1
9cwi0q,-1
h98ifx,1
gqg53f,0
rk9z1k,-1
6ktzx1,0
g01el6,1
c2jp75,0
j3wbmu,0
91bhsd,1
m8762d,-1
qg94d1,1
84w1f8,1
jjf87e,0
ge52c5,-1
am1ss4,0
nrtmrs,0
l9ixss,0
eyrmhz,0
o90oqz,-1
gwnzua,0
6ftvco,1
92hmjk,0
erbflf,0
mxm2j3,1
hsue2q,-1
8l8tuf,0
4z07o6,-1
qupb2k,0
g762i5,0
oafgpo,0
8vasb4,-1
4em513,-1
7i6mo0,-1
iqru6v,0
mk9qfc,-1
a1s9ji,-1
m7vbdp,0
5kmshn,0
ns5t8v,-1
sc1dqw,-1
crvyo4,0
gbirtf,1
lxvqwi,-1
i97i6u,-1
oq8w1y,1
nfxnso,0
e4xxlg,0
6dfsd7,-1
6no7ll,1
60o4p6,0
jwuj4h,0
8s0yx3,1
pxu45d,0
70cxib,0
76rjtv,1
euk5ti,0
j2i7at,0
9gksky,-1
b31b28,0
fu8sz2,-1
hlboo3,0
pilyy1,-1
5hzl1w,-1
i00xq0,0
gt53qq,-1
p16ev8,0
7bwrco,0
oglpxv,0
6u2qxs,0
ifzgtl,0
5d2s4x,0
ec533e,-1
6un2rj,-1
udkto6,1
avr8co,0
c9u7fz,-1
n1bkq9,0
o24ych,-1
iu72ax,0
6lffoc,-1
i584nl,0
85kr59,-1
n1w089,1
cfkjim,-1
7epgmr,-1
gh9ny0,1
j6yr18,-1
7511p5,0
pq33q6,0
isq2hq,0
9r1hbr,0
axmfen,-1
bcdjk2,0
5z4it6,0
hvt0kg,-1
sdejxx,0
b8ax10,1
jo0hzx,-1
lqygr1,1
d2qcdd,0
p3ljb1,0
7otjwu,-1
jnrgjd,0
k501ue,-1
noardj,-1
i7qk7j,-1
cgb3pb,0
4w54a2,-1
uu0gp7,0
ituffn,0
hqhth6,0
9f8rmu,0
6dnub2,0
b2hyh1,0
bgkkb4,0
7hndqf,0
bt9ylr,0
jkybsy,0
rrbmli,-1
fzkncp,0
cvbljd,0
7suft1,0
8zlan8,-1
fnr0r2,0
ocx0yf,-1
mamxlb,-1
tic3jh,0
70700e,1
5f2bhj,-1
fnc2la,-1
c9fn68,0
tw0uca,-1
nproub,-1
dj92ox,-1
6lu2m4,1
ew5y8t,0
cdydir,0
7gm4qf,-1
62dv0w,0
pyszry,0
nvfe02,-1
mhk1z5,-1
9kqpsr,0
r59vt9,0
9c8p7c,1
okmwge,1
hfw1c8,0
sm9zvl,-1
ejwoiz,-1
pm75yr,-1
k4ayq4,-1
ksnq2n,-1
f0imeh,1
4r2rmz,1
rdm91n,0
ezuxwe,-1
ie3upi,-1
6jdwlq,-1
e6jo38,-1
khga5w,-1
plnz5j,0
q1y386,0
85b4dn,0
ryjjnb,-1
9i9idw,0
kwgc89,1
6zn3b5,0
a70akr,-1
81apih,1
99yln9,-1
6me9rb,-1
82m4ln,0
8nslwe,-1
twmupx,-1
q2tv06,0
he2c1b,0
8b9jfv,-1
oicsbi,-1
lbl6kd,0
8suhhk,-1
mn4h3t,0
jm475t,0
gj4nqh,-1
g6zci5,0
79nb46,0
jyct48,-1
8kzq7k,-1
fmeskq,0
evf1sq,-1
jk3ps4,0
b17tru,-1
77u3bw,0
l2whnq,-1
6o4ids,-1
79ycar,1
bhmuvt,-1
a4xcol,0
tt6pbf,0
80eui1,0
9iwvod,0
9wst2f,-1
uxodhw,0
m4cgsz,-1
k1dqvf,0
ios0oz,-1
7dij0t,-1
exusqk,0
eu22x4,-1
6ow59m,0
c82at0,0
c2sydw,0
rvx7bf,-1
8usr1c,-1
f924sm,0
72o0eg,0
f1img2,0
ojkea6,0
7to0wy,-1
714v68,-1
95b25x,0
9wl2d7,-1
ddbg3f,0
mvwp8l,-1
jeg3ub,0
7rkbu1,0
rcb1va,-1
chtbnb,1
5mr96m,-1
8mzsj8,0
9c0kzc,-1
d72ano,0
8wvi37,-1
tnbp01,-1
dtejk7,-1
naq2op,1
jcyacw,0
a5um6y,-1
sjunuh,0
so0ree,0
n3gbnm,0
izjyfp,1
7xytmz,0
nlizvz,0
fsyao2,-1
nh4uj2,0
ogzz42,1
bqffmk,-1
b3pzv6,0
gdaj3b,0
n9r0ti,0
l5pm8p,0
t7o3yz,1
ftuan2,1
l2ajao,0
aycaai,0
itjqwe,-1
nv49gy,1
lwk4nm,1
b3lk9p,0
mmmb68,-1
f3fwxi,0
s82mn0,0
cchtja,-1
muzwwn,-1
7p4drn,0
7m24z1,-1
5obw53,0
71ca29,0
agpslw,0
ebno2o,0
qfozej,-1
7l98cd,0
g1jb05,0
lxlgh4,-1
km7mv9,0
m5xyeb,-1
8n92t8,-1
8ol7mp,-1
jqg7dz,0
8qhgq4,1
g9msyj,1
6bhqsq,0
d9kln8,-1
ml9tlr,0
724atl,-1
il7i7f,0
nqzn1f,0
fvcp6v,0
ujyjbi,1
p7o3pv,-1
8xquao,-1
6qnyqt,0
64sw45,-1
opsolj,-1
u2v2mi,0
dv9bop,-1
i74nwd,0
e20q47,0
cgxqzl,-1
jsl4fx,0
7cfhgg,-1
en2uwk,0
7mgsb9,0
bdmoqm,-1
ikk3nc,0
iy3br8,-1
k6nclu,0
pdvtpi,-1
966rje,-1
k5ivdh,1
jdzpfp,0
uvcsds,-1
jf3ug8,-1
b079e1,0
e10umn,0
btnloy,0
lsoqkf,0
fwpal1,0
poaxlp,-1
6dzu2h,0
92mf1t,0
fvy3em,0
a2rwix,-1
fwcvsd,0
eci8ka,-1
keaav1,-1
9x6f8b,-1
8xirko,0
n41byw,-1
f9sr9r,-1
6ilnac,0
gmzknp,0
dz17bv,1
iwino5,0
fejc2l,-1
lgifi5,-1
ernoxf,1
slxak0,-1
78fuic,0
ddtpop,0
7szhgm,1
gsdwky,-1
84pv7l,0
cbpkk5,0
gyzw2p,-1
blh72g,-1
c3p0vo,-1
6gg5n0,0
hbdl0g,0
gca8zw,1
uleyzk,0
6wje1q,0
nw12ma,-1
oiulkn,0
trxfcy,1
8kf35a,0
78br41,0
g4f1zk,0
ifqe55,0
gu0bbz,0
suni4n,0
llio5y,-1
faokc3,0
dzethi,-1
jqqfad,0
uz88xi,0
rpbgqj,0
lolvz2,-1
u00e9d,0
9bwk3l,0
u6hecp,-1
ceut6s,-1
g6pmzl,-1
imzjgx,-1
kal92d,0
981dvj,1
hzhveq,0
908fsr,0
bcpurr,0
idtano,0
mg70a7,1
58tggr,0
mkoedj,-1
68fcab,0
8257en,1
qhq08i,-1
84imf1,0
6foh0c,-1
gzao3e,0
5hr3th,-1
nrdjry,0
dt07cm,-1
swrwa8,0
ae7j57,0
j7jl0t,0
k0yt51,-1
9dvg12,0
54tleo,-1
qkfk63,0
awv9fm,-1
u5j6wo,-1
l1i70q,1
mc3ed4,-1
jui0ey,0
93vmm4,-1
9qfrz1,0
8etnji,0
7i0xl0,1
n516j3,-1
7ypvet,-1
6xlycq,0
n5eblm,-1
g17t28,-1
n0ilc9,-1
s39yeg,-1
bl1nbc,0
7mqap0,0
v07nh0,0
86dy1h,-1
kfwe09,0
att8uz,0
dxnd5n,0
8ebcqw,-1
5szy88,-1
j1x1kf,1
h9kr11,0
hqq39u,0
fypg55,-1
bbmmd1,-1
cywdcd,0
74p90l,0
j0rhdq,-1
8sg0sj,0
bda5vs,0
h8lfrw,-1
ncvpby,0
5fivpv,0
mpmpa8,-1
o6pilu,-1
emh2vr,0
jfs62n,-1
t11szx,0
flip16,0
ey9nm6,-1
s9i9vd,-1
drystq,1
rfs244,-1
8bicsf,-1
9m5e1j,-1
eeqjes,0
8pm20x,1
hjvvj7,-1
p3r92l,0
o2qzc3,0
m2ea2a,0
hndpl2,-1
9ysoqk,0
73f7rd,0
90fjja,0
bip6ix,-1
fgbqy1,0
u50lyb,-1
pzwrhv,-1
qjdviw,-1
82qinj,0
mdbvrw,1
awpu5g,0
mbtdk5,0
ht20rg,0
iddpiu,0
m5jn5s,-1
jj1wst,-1
oygqu9,-1
ere6f9,-1
q827wl,-1
5wair1,0
81gusw,0
azj5hu,-1
fcllxz,0
but54x,-1
b5em6t,0
csj3mo,0
goxj4g,0
ll7ktz,-1
aevrzq,1
6ptftc,0
jjlv2v,0
iva4k3,0
6yny3j,1
8yjy7n,0
6m0vl0,-1
jb2lfw,1
cq38kn,0
sccqlu,0
iywlnk,0
a9desh,0
hl219q,-1
96rl4b,-1
v4v1u0,0
hrkqaw,-1
5k7wxw,-1
f2smg0,0
mrizyk,0
g4qmvp,0
lh9tlq,-1
lkcb1r,0
gvy1p6,0
rlkq9n,-1
f3uliw,-1
5wos0h,0
qd4519,1
a0zba8,0
lco8ha,-1
bu2fco,-1
q86dk0,-1
dpgu0n,0
l8gxqk,-1
ppodyp,0
syf68a,-1
p4apfw,1
jrskag,-1
8park8,0
hbjok2,0
aqwn73,-1
9k02lz,0
di1p66,0
93zpwv,0
alhilj,-1
qdi7vg,-1
t3x0jx,-1
69lhk3,0
nflpr1,-1
8a6yyy,1
lgt9no,0
q8oofr,-1
68ry1o,0
m4nnfk,-1
jbod7o,0
5w07ne,0
hirplx,0
gekxzh,0
h7mrlc,0
br6l64,0
ld53ex,0
gihqy6,0
eacdez,0
6sm0vg,-1
de0xzc,0
oqp9tu,1
c1nysu,0
jsmtqs,1
8ucmd7,0
kwua1n,0
7ec1pg,-1
jgoqqa,-1
fjsw7k,-1
76nd64,-1
kf0chu,1
71x3fz,-1
kvtnpt,-1
jw9z1l,0
huv90d,0
gvdx0v,-1
dwr79b,-1
k4pj5q,0
imepxy,0
my6rd1,1
tat86v,1
qbcony,0
p027l3,-1
aic7pm,0
seqfto,-1
9n9wu4,-1
ud8tbt,0
hg645o,0
6f4vk9,0
rf3ffx,0
iny4m8,0
7zqu83,1
gjya2f,0
jds3vv,-1
pyjkho,0
6boqaw,-1
7yjgwh,1
a8tyrz,1
baukin,-1
tgc39v,1
e8e9or,0
jk9sp0,-1
qxompy,-1
s8qxu3,0
j3dhf4,-1
qr9k2j,0
96hi5z,0
9vqazy,0
uhqtof,0
5r9tlg,0
l7afyx,-1
f2zw0m,-1
jq2mnb,-1
ksrilh,-1
hgxx1t,0
gkaehk,-1
7j6zp7,1
hc1teb,0
j57d9e,1
kb1wqx,0
5t9utb,0
hcnmhh,0
dk8k6j,0
ktsumt,-1
eo080q,-1
fxaqtt,1
pabb4s,0
crlikr,0
gnafde,-1
62t4jm,1
9xrdj2,-1
lswpop,0
jc99sb,0
6idfl0,0
tbc3jb,-1
j6kptl,-1
f9cr6g,1
6h7xja,-1
g86pki,-1
b8ju41,-1
8vpvoj,-1
hshj4s,0
jkk3u9,0
7xeeze,0
6rer6l,-1
a18nk8,-1
o0fipl,0
e0fukx,-1
mwxbyk,-1
97vxkb,0
juny39,0
j8ktdz,0
99so6s,-1
myv6m3,0
liqvh2,1
d5hesk,-1
8jhv1e,-1
nzvpbe,1
jneco3,1
bo5clp,0
7pccil,0
8zb638,1
9022wd,0
4y6wc9,0
5ssl8y,-1
7o238z,-1
r9v4wa,1
axz8rp,-1
edam15,-1
docwum,0
usmtpj,0
ix6a1x,-1
5g41kz,1
mnz74z,-1
hygpbb,-1
p6oire,0
iiuaqy,-1
6k4ovj,-1
nsk1uc,-1
895jfb,-1
cxqqfq,0
7cm6r5,0
tcsvsn,1
74jm6g,0
dfwdw0,0
qodffs,1
7ajz3p,0
i8xrr3,0
oc0ckw,1
6x2ks5,0
kgi5nw,0
5pdqvm,-1
6tlk99,1
8lifn6,0
jadas6,0
7in9jo,-1
86zyb8,-1
alpp8e,0
7f1kxc,-1
azajhk,-1
6y7rr3,-1
6q4afd,-1
62o1uz,-1
7abg6v,0
m77ytq,-1
gzw329,-1
700xcc,0
g5i3n3,0
b1gzl6,0
pquga3,0
7kjz6f,0
6cgr3h,0
eludsm,1
ux1w9q,0
ks7rtm,-1
evw4ci,-1
hqbtqo,-1
7lsuv3,-1
ho5epe,0
omr2r2,0
a9zlxv,0
gyeztq,0
v2oz55,0
dbrc8c,0
fvnoed,1
99gqbd,-1
6on1su,-1
oo3lyz,0
saib2p,-1
il0s1l,-1
blqrkf,1
em3poy,-1
u7g9fg,0
82fug2,1
7mz5un,-1
kuxin1,-1
j7qzo8,0
ue1tr5,-1
qknfda,0
ks12an,1
ceawpd,-1
kdsrlo,1
mf30ch,-1
ayvcua,1
sf4uc0,0
8465f2,0
ajdaaq,-1
rjsikw,-1
nabfcl,0
owmmdd,0
dro7fv,-1
86k1df,0
b7mtqd,0
bdurtt,-1
hawckq,0
pn0pht,1
7qucjv,0
